{
  "created_at_utc": "2026-06-27T22:13:44.766215+00:00",
  "cv": {
    "inner_cv_folds": 3,
    "outer_folds": 5,
    "repeats": 3,
    "stratify_by": "Neighborhood"
  },
  "data": {
    "columns": 81,
    "median_sale_price": 163000.0,
    "random_split_note": "Kaggle train.csv is a random cross-sectional split; Phase 1 validation does not test temporal regime robustness.",
    "rows": 1460,
    "target": "log1p(SalePrice)"
  },
  "framing_sentence": "Hypothesis to be tested in Phase 2: A typical fix-and-flip net margin is on the order of $10-20K; this model's typical dollar error is $9,413. If that error is comparable to or larger than that margin, point predictions cannot safely underwrite a flip.",
  "models": {
    "dumb_median": {
      "mae_dollars_mean": 57465.04875680239,
      "mae_dollars_std": 2927.513342380486,
      "mae_log_mean": 0.3097382492873668,
      "mae_log_std": 0.010582150023648878,
      "rmse_dollars_mean": 79162.78962860457,
      "rmse_dollars_std": 7053.5232517930035,
      "rmse_log_mean": 0.39990682123212906,
      "rmse_log_std": 0.015227015033055931,
      "smearing_factor_mean": 1.1096730291801127,
      "smearing_factor_std": 0.008661759346736552
    },
    "elastic_net": {
      "mae_dollars_mean": 15304.624487434503,
      "mae_dollars_std": 1852.6336008846288,
      "mae_log_mean": 0.08246405803074318,
      "mae_log_std": 0.005685486450513761,
      "rmse_dollars_mean": 29684.713850264005,
      "rmse_dollars_std": 10262.472462481617,
      "rmse_log_mean": 0.12636967517192357,
      "rmse_log_std": 0.01936659933591882,
      "smearing_factor_mean": 1.0053444499312632,
      "smearing_factor_std": 0.0003994012922645325
    },
    "lightgbm": {
      "mae_dollars_mean": 16373.931886258675,
      "mae_dollars_std": 1465.5301338244449,
      "mae_log_mean": 0.09017559623420793,
      "mae_log_std": 0.005804294895637941,
      "rmse_dollars_mean": 28500.237016837764,
      "rmse_dollars_std": 6381.0127245254735,
      "rmse_log_mean": 0.1351929843413135,
      "rmse_log_std": 0.014710509874310333,
      "smearing_factor_mean": 1.0026074696349583,
      "smearing_factor_std": 0.001900457161625035
    }
  },
  "phase": "1",
  "residual_diagnostics": {
    "median_abs_error_by_overall_quality": {
      "1": 17676.586003056906,
      "10": 39144.577613293106,
      "2": 8842.494857483514,
      "3": 8749.79184442389,
      "4": 8566.182567104326,
      "5": 6863.270099806003,
      "6": 8182.258791452841,
      "7": 12344.943857276812,
      "8": 15166.828744249186,
      "9": 21449.902177624113
    },
    "median_abs_error_by_remodel_status": {
      "False": 9099.496643912338,
      "True": 10250.634822422799
    },
    "spread": {
      "median_abs_error_dollars": 9412.517062157705,
      "p50_home_error_dollars": 9125.655891077884,
      "p80_abs_error_dollars": 22193.396362034546,
      "p80_home_error_dollars": 14522.630904635691,
      "p95_abs_error_dollars": 45283.2633029413,
      "p95_home_error_dollars": 27801.85838116007,
      "price_abs_error_correlation": 0.43130608286677224
    },
    "worst_neighborhoods_by_median_abs_error": [
      {
        "Neighborhood": "Veenker",
        "count": 11,
        "mean": 20614.270148305182,
        "median": 23245.070993962785
      },
      {
        "Neighborhood": "NoRidge",
        "count": 41,
        "mean": 38875.90420355305,
        "median": 22931.764568966348
      },
      {
        "Neighborhood": "ClearCr",
        "count": 28,
        "mean": 25750.09157636009,
        "median": 21866.676691169167
      },
      {
        "Neighborhood": "Crawfor",
        "count": 51,
        "mean": 25032.244185226635,
        "median": 21740.360147477506
      },
      {
        "Neighborhood": "StoneBr",
        "count": 25,
        "mean": 35339.83369973877,
        "median": 18926.966176509333
      },
      {
        "Neighborhood": "NridgHt",
        "count": 77,
        "mean": 28964.412920952927,
        "median": 17091.38609594296
      },
      {
        "Neighborhood": "Blmngtn",
        "count": 17,
        "mean": 15280.320971240539,
        "median": 12461.255314482521
      },
      {
        "Neighborhood": "BrkSide",
        "count": 58,
        "mean": 12612.607791881255,
        "median": 11341.824977988967
      },
      {
        "Neighborhood": "Timber",
        "count": 38,
        "mean": 18666.712939202265,
        "median": 11257.571984333117
      },
      {
        "Neighborhood": "Somerst",
        "count": 86,
        "mean": 15960.536872517041,
        "median": 10850.223168494442
      }
    ]
  },
  "selected_model": "lightgbm",
  "top_feature_importances": [
    {
      "feature": "numeric__TotalSF",
      "importance": 302.0,
      "source_feature": "TotalSF"
    },
    {
      "feature": "numeric__LotArea",
      "importance": 275.0,
      "source_feature": "LotArea"
    },
    {
      "feature": "numeric__GrLivArea",
      "importance": 216.0,
      "source_feature": "GrLivArea"
    },
    {
      "feature": "numeric__GarageArea",
      "importance": 213.0,
      "source_feature": "GarageArea"
    },
    {
      "feature": "numeric__1stFlrSF",
      "importance": 196.0,
      "source_feature": "1stFlrSF"
    },
    {
      "feature": "numeric__TotalPorchSF",
      "importance": 169.0,
      "source_feature": "TotalPorchSF"
    },
    {
      "feature": "numeric__OverallCond",
      "importance": 161.0,
      "source_feature": "OverallCond"
    },
    {
      "feature": "numeric__BsmtUnfSF",
      "importance": 153.0,
      "source_feature": "BsmtUnfSF"
    },
    {
      "feature": "numeric__BsmtFinSF1",
      "importance": 150.0,
      "source_feature": "BsmtFinSF1"
    },
    {
      "feature": "numeric__HouseAge",
      "importance": 139.0,
      "source_feature": "HouseAge"
    },
    {
      "feature": "numeric__GarageYrBlt",
      "importance": 132.0,
      "source_feature": "GarageYrBlt"
    },
    {
      "feature": "numeric__OverallQual",
      "importance": 131.0,
      "source_feature": "OverallQual"
    },
    {
      "feature": "numeric__YearBuilt",
      "importance": 122.0,
      "source_feature": "YearBuilt"
    },
    {
      "feature": "numeric__RemodAge",
      "importance": 116.0,
      "source_feature": "RemodAge"
    },
    {
      "feature": "numeric__OpenPorchSF",
      "importance": 114.0,
      "source_feature": "OpenPorchSF"
    },
    {
      "feature": "numeric__TotalBsmtSF",
      "importance": 100.0,
      "source_feature": "TotalBsmtSF"
    },
    {
      "feature": "numeric__LotFrontage",
      "importance": 99.0,
      "source_feature": "LotFrontage"
    },
    {
      "feature": "numeric__YearRemodAdd",
      "importance": 99.0,
      "source_feature": "YearRemodAdd"
    },
    {
      "feature": "numeric__TotalBaths",
      "importance": 92.0,
      "source_feature": "TotalBaths"
    },
    {
      "feature": "numeric__MasVnrArea",
      "importance": 87.0,
      "source_feature": "MasVnrArea"
    }
  ]
}
